Марка,Цена,Фото
"BMW X5 E70 [рестайлинг] Кроссовер , 2012",30200$,https://i.cars.kg/preview/r/ESB6bRM6aWImRjXgumU_og/1080x-/20211001/03ea19bb5e80d4b006ce5b9eb995ee32.jpg
"BMW M5 E34 Седан , 2011",100$,https://i.cars.kg/preview/r/2qus2P8oIcAgwkXrfRss_Q/1080x-/20210930/52c5f6f77eea561703d62bfb74b2402e.jpg
"BMW 5 серия E34 Седан , 1993",5300$,https://i.cars.kg/preview/r/ApmAU8lo_uYNGK7nYkYMqQ/1080x-/20210930/ee4791a0dbdf2538e6f5017a55d2c050.jpeg
"BMW 740i, 2020",96000$,https://i.cars.kg/preview/r/7h1ais9bIJ-FO_38N1ZAbw/1080x-/20210929/4bbb0c8273c0f6b7e328e9e4d5e76003.jpg
"BMW X5 E70 [рестайлинг] Кроссовер , 2010",16800$,https://i.cars.kg/preview/r/ZozxQKtdObNwuv0MYMGuag/1080x-/20210929/db817167bab58873220c74a787fe08dd.jpeg
"BMW X5 E70 Кроссовер , 2009",12000$,https://i.cars.kg/preview/r/JlJv_60WNtBaU-FxdZDZJA/1080x-/20210928/d657a61ba406d3eac882d3badf410845.jpg
"BMW 7 серия F01/F02 Седан , 2009",17450$,https://i.cars.kg/preview/r/A9F9TSu5AMb_8yYjDbD0Eg/1080x-/20210927/52e0350052df7dfeed3596f775ea6a52.jpg
"BMW 5 серия E34 Седан , 1995",2830$,https://i.cars.kg/preview/r/Jl1jepkvues0MpwKaaD8dA/1080x-/20210927/887dafe17b10f500a7281222400a950a.jpg
"BMW 5 серия E60/E61 Седан , 2007",11000$,https://i.cars.kg/preview/r/s51oJiztk3ttrWo5XFV9ww/1080x-/20210927/994c2eaa73a314a1a5f5f5980c7eb092.jpg
"BMW M5 E39 , 2001",7200$,https://i.cars.kg/preview/r/ujT-PBIJDwLG38me0cpSJQ/1080x-/20210926/56e301bebe42bbe8ad53ef57d8883ecf.jpg
"BMW 5 серия E60/E61 [рестайлинг] Седан , 2008",11200$,https://i.cars.kg/preview/r/Gjz6TSLQvhtVs6k5wFvx5g/1080x-/20210925/1982bc32d5fef396db0d666492c4bda7.jpg
"BMW X5 F15 Кроссовер , 2014",31000$,https://i.cars.kg/preview/r/iUFjsqqn9qLsCw35wzGUtw/1080x-/20210925/f3bcf592f374bd392ff1344d6ce681ab.jpeg
"BMW X6 E71/E72 , 2010",17000$,https://i.cars.kg/preview/r/2yS6N4a9T4TxVFL0Zc5kGg/1080x-/20210925/ecc764b7a2d83e09a620f02d19168857.jpeg
"BMW 5 серия E34 Седан , 1995",2830$,https://i.cars.kg/preview/r/9C894ejsFsU_TYe2T9ETWg/1080x-/20210924/41ea82a10ee4374f2e16972d3a1a6a2f.jpg
"BMW 5 серия E34 Седан , 1995",2830$,https://i.cars.kg/preview/r/9C894ejsFsU_TYe2T9ETWg/1080x-/20210924/41ea82a10ee4374f2e16972d3a1a6a2f.jpg
"BMW 5 серия E34 Седан , 1995",2830$,https://i.cars.kg/preview/r/9C894ejsFsU_TYe2T9ETWg/1080x-/20210924/41ea82a10ee4374f2e16972d3a1a6a2f.jpg
"BMW 5 серия E34 Седан , 1995",2830$,https://i.cars.kg/preview/r/9C894ejsFsU_TYe2T9ETWg/1080x-/20210924/41ea82a10ee4374f2e16972d3a1a6a2f.jpg
"BMW X5 E53 [рестайлинг] Кроссовер , 2003",8500$,https://i.cars.kg/preview/r/4ij0V2gsxVXMPpLHEoaYsA/1080x-/20210924/2ca1b9d26d384c0aabccc80ab1b0cabc.jpg
"BMW 3 серия F30/F31/F34 Седан , 2012",15800$,https://i.cars.kg/preview/r/Zu0oaVzivCl3pVEe2iJ-Ig/1080x-/20210924/103b7e76cd9d9a21894a35f8ab1ced68.jpg
"BMW 2 серия Active Tourer F45 Минивэн , 2015",17800$,https://i.cars.kg/preview/r/5YePHh0SBQIztuFXjyXpVg/1080x-/20210924/fd131cd579f2d4f4d08aa2b4a8b61f23.jpg
"BMW 5 серия F07/F10/F11 Седан , 2012",19500$,https://i.cars.kg/preview/r/g2_e0boucH4Uhr8Pshe6CQ/1080x-/20210923/9332b2fd1524749dfb50ca97b69a212f.jpg
"BMW 5 серия F07/F10/F11 [рестайлинг] Седан , 2014",27800$,https://i.cars.kg/preview/r/ZInIFRLMZQTt0iCLSFqXLg/1080x-/20210922/cfd00e47a3a2e5ee85a907ba6b056a4d.jpg
"BMW X6 F16 Sports Activity Coupe кроссовер , 2015",35300$,https://i.cars.kg/preview/r/imry5pQSQCubRhCn4j3zMw/1080x-/20210921/23cf387d782d6b59aa4a460ec3f10008.jpg
"BMW 5 серия , 2017",49000$,https://i.cars.kg/preview/r/ZdzOTtvf1aVOXSVOPkVSNQ/1080x-/20210921/e5ccebbe6b7ec08e6a85380ee1d8c5cd.jpg
"BMW 5 серия E60/E61 [рестайлинг] Седан , 2009",10000$,https://i.cars.kg/preview/r/mS5obWNacXNymkCKwMTrZA/1080x-/20210920/611b4f09aa01bd8fc722e6fbc866976e.jpg
"BMW 7 серия E38 [рестайлинг] Седан , 1998",7650$,https://i.cars.kg/preview/r/u8go-sKAnInFNvixJWv3nA/1080x-/20210920/9922e008772c47baedb056d932c91b79.jpg
"BMW 5 серия F07/F10/F11 [рестайлинг] Gran Turismo фастбэк , 2013",28900$,https://i.cars.kg/preview/r/HW_BXIxG0PjU24agfK9iow/1080x-/20210920/3aa0874cd90af402001a9b9cc4fe3209.jpg
"BMW X5 E70 Кроссовер , 2007",10500$,https://i.cars.kg/preview/r/0-bC3eVXE7s0yA3jjnz1lw/1080x-/20210919/681eaa5e04c8f77e86b742494c311c41.jpeg
"BMW M5 , 2019",91000$,https://i.cars.kg/preview/r/UrDK6W7RWJ7qENO0a_15sg/1080x-/20210918/11d650a9b81f74eeadf74597bd624b41.jpg
"BMW X5 E70 [рестайлинг] Кроссовер , 2010",25600$,https://i.cars.kg/preview/r/eNogein8PuXA0M-49zPmtw/1080x-/20210917/aeaf83b24576ae795f60fe70001e2988.jpg
"BMW 3 серия E90/E91/E92/E93 Кабриолет , 2007",15500$,https://i.cars.kg/preview/r/8DWYIGplE77u_tUxCT5zow/1080x-/20210916/85f70c7f1837977e362ddd017645fea0.jpg
"BMW M5 , 2019",102500$,https://i.cars.kg/preview/r/e-FTlIJa12g5lSShuJuTpA/1080x-/20210914/430e6d17ed9ca9ffd2b0f47789c034f7.jpg
"BMW X4 , 2019",47800$,https://i.cars.kg/preview/r/mrD1E2ed7AkvfYIp-oP4sw/1080x-/20210914/afda0cf663cafc016fb339b571db7057.jpg
"BMW X5 F15 Кроссовер , 2014",32000$,https://i.cars.kg/preview/r/SmOSzMrmD0-x0RN3YfA4ZA/1080x-/20210913/2df8029bbdd5d5348bd14409777755ef.jpg
"BMW X6 F16 Sports Activity Coupe кроссовер , 2016",42200$,https://i.cars.kg/preview/r/MP3XWZ0dM5yR7r3kyYLg7A/1080x-/20210913/6d6404610b72b97a393ce4506f73086d.jpg
"BMW 750 li, 2012",20500$,https://i.cars.kg/preview/r/iowf8bppvTz4sGk6m77F9Q/1080x-/20210910/f5b566561a3250e797238e10aaf50be7.jpg
"BMW X5 E70 Кроссовер , 2008",13500$,https://i.cars.kg/preview/r/FfsHBRQZjA7c1EeS_brR0A/1080x-/20210910/3d4e686488498841bef4f8d502b8eb42.jpeg
"BMW 745, 2003",3500$,https://i.cars.kg/preview/r/wN-ihnBnKkDhtmR4xOGIng/1080x-/20210908/7cc6df9303673883897b612d454de229.jpg
"BMW 3 серия E30 Седан 4-дв. , 1986",2950$,https://i.cars.kg/preview/r/B4u0qSi0R1YHUm1rBiBauA/1080x-/20210906/79eacaad6fed8727acd671d6d87636a8.jpg
"BMW 7 серия E38 [рестайлинг] , 1999",5700$,https://i.cars.kg/preview/r/18CuI80HvGo0rdcuOUaseQ/1080x-/20210906/660ad76b76b8dbed75bb6cc2377ee460.jpg
"BMW 7 серия E38 [рестайлинг] L7 седан 4-дв. , 1999",5400$,https://i.cars.kg/preview/r/884tqw2XIjcLQt2oatAdlA/1080x-/20210906/e63dc2ab6f2ce6aeef2e00017cd1bf87.jpg
"BMW X5 E53 , 2003",6800$,https://i.cars.kg/preview/r/phX0FV6kVYtEklzuX-swtg/1080x-/20210906/dc4193566b034688b6a1b27febcb7185.jpg
"BMW X3 E83 Кроссовер , 2005",8500$,https://i.cars.kg/preview/r/hWcQEy_Vkt3NAUSh42lZvw/1080x-/20210904/65803d624023748ac8a63970fcdd2aa1.jpg
"BMW X5 F15 Кроссовер , 2015",30000$,https://i.cars.kg/preview/r/B6SenWw1T99l2nKCtOm5_Q/1080x-/20210904/902a2960b96ed783e554f39cfcd9a1e5.jpg
"BMW X6 E71/E72 Sports Activity Coupe кроссовер , 2008",16900$,https://i.cars.kg/preview/r/AZWQwrsS4w9nE6U27Z0TEQ/1080x-/20210903/0d180f37638a4896e87581383eb41ad8.jpg
"BMW 5 серия E60/E61 Седан , 2004",4500$,https://i.cars.kg/preview/r/SgMrUkpRUY-Oox2jzwSfsw/1080x-/20210828/ff85d1f1c279d837c95b6cc06f44c26d.jpg
"BMW 5 серия E39 Седан 4-дв. , 2000",4100$,https://i.cars.kg/preview/r/KA4suUQf7MQ5frlBbxtMEw/1080x-/20210825/6c99f7d74b475e06156b5259bc1c9edd.jpg
"BMW X5 E53 [рестайлинг] Кроссовер , 2004",7200$,https://i.cars.kg/preview/r/W6Aw213IaKKVr81LBhCbNg/1080x-/20210825/359c741d5c9adbf1eea9e59449ea378e.jpg
"BMW 5 серия E39 [рестайлинг] Седан , 2003",5900$,https://i.cars.kg/preview/r/0O0DFHuDvqh31m60QdLoaQ/1080x-/20210824/8283ab2a840040749e0064c42b73d429.jpeg
"BMW X5 F15 Кроссовер , 2016",46500$,https://i.cars.kg/preview/r/7qs9GWtOLpUtTojbKlS7YQ/1080x-/20210823/ba5555d34190d1db76b5e53c9acbf220.jpg
"BMW 5 серия E60/E61 Седан , 2004",4500$,https://i.cars.kg/preview/r/rGqrxDAo32gCHhIy2SWlRg/1080x-/20210820/2818e373069f1b5f6fa31668af9f628b.jpg
"BMW 5 серия E39 [рестайлинг] Седан , 2002",6000$,https://i.cars.kg/preview/r/wOEBGpVYFmy8G-xotbVl1A/1080x-/20210817/ba012e323af2989135f06870c44cca3f.jpg
"BMW , 2013",200$,https://i.cars.kg/preview/r/u4GAK_1_O7RIVzPh-QXB-w/1080x-/20210817/b808f27ad2543eb82a116b8fe71d0aa9.jpg
"BMW X5 E53 , 2001",7200$,https://i.cars.kg/preview/r/x9Xq_fo372qcTN92NHV31Q/1080x-/20210815/9c97d65435a21c3e7c4e9769997dd744.jpg
"BMW M5 E39 Седан , 2001",7400$,https://i.cars.kg/preview/r/BseqeBEo_WR4EF1H7cLbAQ/1080x-/20210815/372dee21082b595faee018db8012e4b2.jpg
"BMW 5 серия F07/F10/F11 [рестайлинг] Седан , 2017",33000$,https://i.cars.kg/preview/r/UKkOhRX5GX6wvQv1N7BdTg/1080x-/20210815/778601db994aaadb7a68284cc9aff8a7.jpg
"BMW X6 M E71/E72 Sports Activity Coupe кроссовер 5-дв. , 2020",110000$,https://i.cars.kg/preview/r/fTGaW8Aw58REMzE5lrGYOQ/1080x-/20210814/06e46866955031e2984716d8ee581b6f.jpg
"BMW 3 серия E46 Седан 4-дв. , 2001",4000$,https://i.cars.kg/preview/r/DUHTOYrXa9GMPdTY2a7zIw/1080x-/20210814/6ef0c31415c4b62b382781d740c3cb43.jpg
"BMW 5 серия E34 Седан , 1995",5500$,https://i.cars.kg/preview/r/-fTw8izXShihtN9dqZM6Nw/1080x-/20210813/81eb210e55d0740dcc6f0b33cfd81512.jpg
"BMW 3 серия E46 Седан 4-дв. , 2000",3555$,https://i.cars.kg/preview/r/eVJ0RKJ00rabtM_OYhGwJA/1080x-/20210802/f0cfa6fd2928fd62d7aa820ea1fa84ea.jpeg
"BMW 7 серия E65/E66 [рестайлинг] Седан , 2005",10500$,https://i.cars.kg/preview/r/hTzTb064pecn9TnRQ3rslQ/1080x-/20210728/faabcb2805a8ffe6e952cf4e4b3d9ee7.jpg
"BMW 3 серия F30/F31/F34 [рестайлинг] Седан , 2019",35000$,https://i.cars.kg/preview/r/puT-CUfah4CIvKlB1kkREw/1080x-/20210727/f75946d9f3d99556e9d9875606bc9b03.jpg
"BMW 7 серия F01/F02 Седан , 2010",17500$,https://i.cars.kg/preview/r/pERqGvxQkm3DFrI_gOpRzg/1080x-/20210726/098d475ab98e966d1671ebb3f7f2e0b0.jpg
"BMW X5 F15 Кроссовер , 2015",24000$,https://i.cars.kg/preview/r/VRut1mzJ10dNk3Ak-uNQ2w/1080x-/20210722/084ccf80494e3eeb83df8ac4b175eeae.jpg
"BMW 5 серия E60/E61 Седан , 2004",6900$,https://i.cars.kg/preview/r/DS7hMTSAfRiJyzn-N5X9tQ/1080x-/20210722/f71a36833d9fdd449a692ed5972a99be.jpeg
"BMW X5 E53 [рестайлинг] Кроссовер , 2004",12500$,https://i.cars.kg/preview/r/ntviwvEXiY0kN0sBtRdVzA/1080x-/20210721/0431f7c570807668ca7e99aa3399d7f5.png
"BMW , 2016",18000$,https://i.cars.kg/preview/r/TsbnOpk06PUDeRXYNGd8eA/1080x-/20210720/6d69d5d30af75287e308feee9f573479.jpg
"BMW 3 серия E46 [рестайлинг] , 2003",4500$,https://i.cars.kg/preview/r/NPoMR-0QAuKyRzio5o-1Fg/1080x-/20210718/66e9a0aa7154ebcc0a67e542a934904b.jpg
"BMW 5 серия E39 [рестайлинг] Седан , 2001",3500$,https://www.seat.com/content/dam/public/seat-website/carworlds/compare/default-image/ghost.png
"BMW 5 серия , 2003",2700$,https://i.cars.kg/preview/r/BtBradrBcueimGr6Iue4QA/1080x-/20210715/aaed657baf7bba80c5676603c6f3dd25.jpeg
"BMW X6 E71/E72 , 2008",12800$,https://i.cars.kg/preview/r/W_JZG1vgAX3u8mAWN4jnow/1080x-/20210715/7dab39845394b11d89e31d23a6ab798c.jpg
"BMW 740, 2017",55000$,https://i.cars.kg/preview/r/LhzFRiyEeZ6TNY_6GcJTJA/1080x-/20210714/9b3ca4e6a17923bf6af50290ce245115.jpg
"BMW 3 серия E46 [рестайлинг] Седан , 2002",4500$,https://i.cars.kg/preview/r/aNv0PmKi1dZKhdx2NkEUFw/1080x-/20210712/02e7394f8a760dae00cac30cb1978b0f.jpg
"BMW X5 E53 Кроссовер , 2002",5200$,https://i.cars.kg/preview/r/Zdd4mIma-aC6PIEpfrb0ww/1080x-/20210706/1ffb218a39e973688bc7c65fe8741099.jpg
"BMW 5 серия E39 Седан 4-дв. , 2000",2771$,https://www.seat.com/content/dam/public/seat-website/carworlds/compare/default-image/ghost.png
"BMW X6 M E71/E72 , 2010",22000$,https://i.cars.kg/preview/r/Q0gS1_x49Z5d_ngobe8Hsg/1080x-/20210630/1c44817f59da702140a2e0c1fbc338b0.jpeg
"BMW X5 E53 [рестайлинг] Кроссовер , 2005",9999$,https://i.cars.kg/preview/r/5zY5YENrkGZg7rRNOFpJhw/1080x-/20210625/9bf75f749070d327d46b1f665121189d.jpg
"BMW X5 E53 [рестайлинг] , 2005",15500$,https://i.cars.kg/preview/r/Qt8uzHR0lDBxkS_spyzzuQ/1080x-/20210623/4cf89efeb152ddda5cc1ec3f36ba184b.jpg
"BMW 7 серия E38 [рестайлинг] , 2001",7500$,https://i.cars.kg/preview/r/KHnyVOI0tIM0M873fdn-aw/1080x-/20210621/518c2c49bd1ef1f71ec5809d7682b6c1.jpg
"BMW 5 серия , 2010",11500$,https://i.cars.kg/preview/r/xWM7160kcO2jGnH1qP1LuQ/1080x-/20210621/b1a7b49d9e6be60b9d8481a403e57b1e.jpg
"BMW 2 серия F22/F23 Кабриолет , 2019",2000$,https://i.cars.kg/preview/r/sJhvxAmc4MZy7QUmH2hd1Q/1080x-/20210620/4332a65a56fbe7b5992dd57dfab7699f.png
"BMW 5 серия E39 Седан 4-дв. , 1999",4000$,https://i.cars.kg/preview/r/ZOaIXEuaWvuEJwD-Kcvk1g/1080x-/20210619/4ba58aee7a96d1c4bb4af693ed22fffa.jpg
"BMW 5 серия F07/F10/F11 Touring универсал , 2012",13000$,https://i.cars.kg/preview/r/_Ol8NpbLKPj_pXBVsg3ziA/1080x-/20210617/4ad39b3f4690e4f295a752ad609004a1.jpg
"BMW 7 серия E38 , 1996",4700$,https://i.cars.kg/preview/r/mqv8bt3axVVI7Uqfyp8wjA/1080x-/20210616/b1fc5a846cda294685caf3b03fccde8b.jpg
"BMW X5 E53 Кроссовер , 2003",7000$,https://www.seat.com/content/dam/public/seat-website/carworlds/compare/default-image/ghost.png
"BMW X5 , 2003",6200$,https://i.cars.kg/preview/r/--tWxY1t2pHtK-dQsV1dCA/1080x-/20210607/f8581ffcf7bbf79bd741f9fe90754030.jpg
"BMW 3 серия E36 , 1991",95000$,https://www.seat.com/content/dam/public/seat-website/carworlds/compare/default-image/ghost.png
"BMW 5 серия E39 [рестайлинг] Седан , 2002",4500$,https://i.cars.kg/preview/r/g0SqKUiMxGiMFLQQc-HCug/1080x-/20210606/0b834fb0c03e0b138732c95502167ec8.jpeg
"BMW 5 серия F07/F10/F11 , 2011",16100$,https://i.cars.kg/preview/r/IBHQM1ugp4P5p9E6nWv8lw/1080x-/20210605/14c485cf44b70327c3a286afd4da8589.jpg
"BMW 5 серия F07/F10/F11 Touring универсал , 2012",13000$,https://i.cars.kg/preview/r/7BcQgryvaB3_Fbt52A6CyQ/1080x-/20210605/ef6a4257c71ab3a0e24f5d46c3dc79d8.jpg
"BMW 5 серия E34 Седан , 1993",5200$,https://i.cars.kg/preview/r/7B1vCxAuC_lI8j03lL0NIQ/1080x-/20210601/47a562488e40863b06fb9ca094074fd4.jpeg
"BMW 5 серия E39 [рестайлинг] Седан , 2002",7000$,https://i.cars.kg/preview/r/FkJ_ldGY-dcRmknD9UwcJA/1080x-/20210620/3f4d1f4f41731d7cd6b0f3bed9147f2e.jpg
"BMW X5 E70 [рестайлинг] Кроссовер , 2011",17000$,https://i.cars.kg/preview/r/XHT-lD2Z4amU5MLaFuawfg/1080x-/20210529/a31fabb1dad651776f7163bbfd8ff23f.jpg
"BMW M5 , 2001",7200$,https://i.cars.kg/preview/r/OT83n6nQS-lVmlDT0b0rKg/1080x-/20210527/30c3111e8b6ba32517113d091a4b1b30.jpg
"BMW 3 серия E46 [рестайлинг] Седан , 2004",4400$,https://i.cars.kg/preview/r/iI3M7N5UMCGZkL048-VpfQ/1080x-/20210526/b0bde3b40cfe7f1ea8c9257ecdfb113a.jpg
"BMW X5 E53 [рестайлинг] Кроссовер , 2004",10000$,https://i.cars.kg/preview/r/7d3LVv2R15tDs0mukhmfUg/1080x-/20210526/07d04b63bfe286fdcb8fc0ff2467e3f2.jpg
"BMW 7 серия E38 Седан , 1999",4999$,https://i.cars.kg/preview/r/whN7hIWdjMhkQ-Ho4Nd1xQ/1080x-/20210525/90a4ee0d00d1bc19cd2ee4e32d183dd0.jpg
"BMW X5 E53 [рестайлинг] Кроссовер , 2004",9200$,https://i.cars.kg/preview/r/USGEritPbn70guwmWzZ2qw/1080x-/20210524/48245688ad0fa9390f1d56ea7e520a5e.jpg
"BMW 5 серия E39 [рестайлинг] Седан , 2003",3500$,https://www.seat.com/content/dam/public/seat-website/carworlds/compare/default-image/ghost.png
"BMW X5 E53 Кроссовер , 2003",7200$,https://i.cars.kg/preview/r/7GSdrxaemuh2j-QE-VPt3w/1080x-/20210513/35235ea355287b393237e624cdc15365.jpg
"BMW X6 E71/E72 Sports Activity Coupe кроссовер , 2010",16000$,https://i.cars.kg/preview/r/E5BTWLy-GUY7hW1irwe7wg/1080x-/20210512/aade173e042f8a310462423fc4e81d82.jpg
"BMW X5 , 2009",10300$,https://i.cars.kg/preview/r/e0YEcTZXNTUkxuVgrv8pbw/1080x-/20210512/c58f27b79512a276f203bd47250d840f.jpg
"BMW X5 E70 , 2009",10500$,https://i.cars.kg/preview/r/cv1L1XR8-yBganYDdadTiw/1080x-/20210512/2bd967eced058fa3f03b15012a94f5ae.jpg
"BMW 5 серия E39 [рестайлинг] Седан , 2003",4500$,https://i.cars.kg/preview/r/mc_wek8mSX19IHYt9TYyvQ/1080x-/20210510/b25d8c4d957121a563d41112227d63f7.jpg
"BMW X5 E53 [рестайлинг] Кроссовер , 2014",28000$,https://i.cars.kg/preview/r/Tq_u38AmmDcsr7bOKkfU9Q/1080x-/20210519/06e6f5ef2482d61b3114e519d0dcb534.jpg
"BMW X5 E53 , 2001",7665$,https://i.cars.kg/preview/r/KxHyp44SMJgTJXdPDxSy0g/1080x-/20210428/a12d5f4fcc9f36937373b58eeb38897e.jpg
"BMW 5 серия , 2020",40000$,https://i.cars.kg/preview/r/UIrpIcr1U7C8sqbL5qO2VQ/1080x-/20210427/ba4817a8f64fc3c7e32cfbeebcc5611d.jpg
"BMW 5 серия E39 , 2000",2240$,https://i.cars.kg/preview/r/jeNYcPlgB0oYDcKmEBvJ0w/1080x-/20210425/1ea2b02b643e6545e1ee0db39d223e91.jpg
"BMW i3 , 2021",300$,https://i.cars.kg/preview/r/yBfwDk7vSYp0znW0U3aCsg/1080x-/20210421/becf09d12034a7adca648772979ea5f6.jpg
"BMW 5 серия E34 Седан , 1991",3700$,https://i.cars.kg/preview/r/ZkMTaeVr3feEKdYFOmWiPg/1080x-/20210417/6ca6f32c8e38e4a12ed6ec4244757874.jpg
"BMW 5 серия E60/E61 Седан , 2005",7400$,https://i.cars.kg/preview/r/TgebEfO3MgYtipirMo67dw/1080x-/20210416/fe9a1c7b53c8960957cb8093ce09dd22.jpg
"BMW X5 E53 [рестайлинг] , 2005",10000$,https://www.seat.com/content/dam/public/seat-website/carworlds/compare/default-image/ghost.png
"BMW 5 серия E39 , 1999",4700$,https://i.cars.kg/preview/r/80aW44UnOVfAL-Clf_cjDA/1080x-/20210415/0810f913cad0fa10b586412a13358863.jpg
"BMW X5 E53 , 2001",7665$,https://i.cars.kg/preview/r/zvdG6iULRQqjz5_Kz-WL4A/1080x-/20210411/5d9b3991a92c69c3c9927fbbd6d2a25c.jpg
"BMW X5 E53 , 2001",7500$,https://i.cars.kg/preview/r/BXLp6PCwnwFuIWu49dZzeA/1080x-/20210411/f59370ba8194d174402413f6621f9bda.jpg
"BMW 3 серия E46 Compact хетчбэк , 2000",5000$,https://i.cars.kg/preview/r/WmEEKmU5KhCr_oycDy8-jg/1080x-/20210411/723ac46ec10b9af9effa34900e39aec2.jpg
"BMW X5 E53 [рестайлинг] Кроссовер , 2004",7900$,https://i.cars.kg/preview/r/C8N0XwBJh7awG8OAWdOTSg/1080x-/20210406/b9715400b380ae9f4145331a19f073fa.jpg
